metric,kind,mean,p50,p90,p95,p99,mass_gt_50,mass_gt_100,total_pixels
path_loss,target_los,94.5475863628241,95.0,101.0,103.0,106.0,1.0,0.12034111322296949,37426752
path_loss,pred_los,94.03886524804504,94.0,100.0,102.0,104.0,1.0,0.09019393400741801,37426752
path_loss,target_nlos,106.62717684967538,107.0,112.0,114.0,117.0,1.0,0.9153996976789048,4898765
path_loss,pred_nlos,105.94992207219575,107.0,110.0,110.0,111.0,1.0,0.9276940208399463,4898765
delay_spread,target_delay_spread,14.366303270130919,1.0,49.0,93.0,162.0,0.0982430611501868,0.043665933378988935,35167644
delay_spread,pred_delay_spread,8.194389585420367,6.0,20.0,24.0,32.0,1.328799225450804e-05,1.8130833237748852e-06,41917544
angular_spread,target_angular_spread,8.269855746829979,0.0,37.0,43.0,81.0,0.03409116065847465,0.0005992602523910103,42325517
angular_spread,pred_angular_spread,6.207153665718956,4.0,18.0,21.0,25.0,0.0,0.0,42325517
