metric,kind,mean,p50,p90,p95,p99,mass_gt_50,mass_gt_100,total_pixels
path_loss,target_los,96.4508988510544,96.0,103.0,105.0,110.0,1.0,0.2066153604563537,382752235
path_loss,pred_los,95.88241875321772,97.0,100.0,101.0,102.0,1.0,0.0803840975611808,382752235
path_loss,target_nlos,106.55922284846459,107.0,112.0,114.0,116.0,1.0,0.9196274431736328,31131895
path_loss,pred_nlos,36.0382071505766,31.0,70.0,84.0,98.0,0.21897086573110955,0.004686094437874726,31131895
delay_spread,target_delay_spread,9.866436349326284,3.0,17.0,60.0,142.0,0.05706557865219435,0.025488171646438264,358165824
delay_spread,pred_delay_spread,7.944633768805807,4.0,19.0,30.0,47.0,0.005859474978653544,0.0,407801895
angular_spread,target_angular_spread,6.064393991139501,0.0,32.0,42.0,74.0,0.023743761327596688,0.00042239841377827173,413884130
angular_spread,pred_angular_spread,6.07685992453975,2.0,19.0,29.0,43.0,0.0036175559570259435,7.006791973396034e-08,413884130
