metric,kind,mean,p50,p90,p95,p99,mass_gt_50,mass_gt_100,total_pixels
path_loss,target_los,94.54731049063514,95.0,101.0,103.0,106.0,1.0,0.12034111322296949,37426752
path_loss,pred_los,93.9579586013769,95.0,98.0,99.0,100.0,1.0,2.2016337404859498e-05,37426752
path_loss,target_nlos,106.59380027415072,107.0,112.0,114.0,116.0,1.0,0.9153996976789048,4898765
path_loss,pred_nlos,36.83058362668958,32.0,72.0,85.0,98.0,0.23084430463596436,0.005175590174258206,4898765
delay_spread,target_delay_spread,14.36520956592941,1.0,49.0,93.0,162.0,0.0982430611501868,0.043665933378988935,35167644
delay_spread,pred_delay_spread,11.060204308803035,5.0,30.0,39.0,49.0,0.006083614558943146,0.0,41809848
angular_spread,target_angular_spread,8.269855746829979,0.0,37.0,43.0,81.0,0.03409116065847465,0.0005992602523910103,42325517
angular_spread,pred_angular_spread,8.248263594748293,4.0,23.0,32.0,45.0,0.004815983700801576,2.362640957226819e-08,42325517
